run_timestamp_utc,search_date,origin,destination,outbound_date,return_date,nights,best_price,currency,adults,airline,stops,depart_time,route,source,booking_link,is_cheapest_this_run
2026-06-03T05:26:21+00:00,2026-06-03,LGW,ALC,2026-07-02,2026-07-07,5,63.0,GBP,2,FR,0,2026-06-20T18:40:00+01:00,LGW-ALC,cached,https://www.google.com/travel/flights?q=Flights+to+ALC+from+LGW+on+2026-07-02+returning+2026-07-07&curr=GBP,
2026-06-03T05:26:21+00:00,2026-06-03,LGW,ALC,2026-07-02,2026-07-08,6,59.0,GBP,2,Vueling,0,2026-07-02T21:05:00,LGW-ALC,google,https://www.google.com/travel/flights?q=Flights+to+ALC+from+LGW+on+2026-07-02+returning+2026-07-08&curr=GBP,
2026-06-03T05:26:21+00:00,2026-06-03,LGW,ALC,2026-07-02,2026-07-09,7,61.0,GBP,2,Vueling,0,2026-07-02T21:05:00,LGW-ALC,google,https://www.google.com/travel/flights?q=Flights+to+ALC+from+LGW+on+2026-07-02+returning+2026-07-09&curr=GBP,
2026-06-03T05:26:21+00:00,2026-06-03,LGW,ALC,2026-07-03,2026-07-08,5,56.99,GBP,2,Ryanair,0,2026-07-03T12:20:00,LGW-ALC,ryanair,https://www.google.com/travel/flights?q=Flights+to+ALC+from+LGW+on+2026-07-03+returning+2026-07-08&curr=GBP,
2026-06-03T05:26:21+00:00,2026-06-03,LGW,ALC,2026-07-03,2026-07-09,6,56.99,GBP,2,Ryanair,0,2026-07-03T12:20:00,LGW-ALC,ryanair,https://www.google.com/travel/flights?q=Flights+to+ALC+from+LGW+on+2026-07-03+returning+2026-07-09&curr=GBP,
2026-06-03T05:26:21+00:00,2026-06-03,LGW,ALC,2026-07-03,2026-07-10,7,56.99,GBP,2,Ryanair,0,2026-07-03T12:20:00,LGW-ALC,ryanair,https://www.google.com/travel/flights?q=Flights+to+ALC+from+LGW+on+2026-07-03+returning+2026-07-10&curr=GBP,
2026-06-03T05:26:21+00:00,2026-06-03,LGW,ALC,2026-07-04,2026-07-09,5,31.55,GBP,2,Ryanair,0,2026-07-04T18:40:00,LGW-ALC,ryanair,https://www.google.com/travel/flights?q=Flights+to+ALC+from+LGW+on+2026-07-04+returning+2026-07-09&curr=GBP,
2026-06-03T05:26:21+00:00,2026-06-03,LGW,ALC,2026-07-04,2026-07-10,6,31.55,GBP,2,Ryanair,0,2026-07-04T18:40:00,LGW-ALC,ryanair,https://www.google.com/travel/flights?q=Flights+to+ALC+from+LGW+on+2026-07-04+returning+2026-07-10&curr=GBP,
2026-06-03T05:26:21+00:00,2026-06-03,LGW,ALC,2026-07-04,2026-07-11,7,31.55,GBP,2,Ryanair,0,2026-07-04T18:40:00,LGW-ALC,ryanair,https://www.google.com/travel/flights?q=Flights+to+ALC+from+LGW+on+2026-07-04+returning+2026-07-11&curr=GBP,
2026-06-03T05:26:21+00:00,2026-06-03,LGW,ALC,2026-07-05,2026-07-10,5,61.0,GBP,2,Vueling,0,2026-07-05T21:15:00,LGW-ALC,google,https://www.google.com/travel/flights?q=Flights+to+ALC+from+LGW+on+2026-07-05+returning+2026-07-10&curr=GBP,
2026-06-03T05:26:21+00:00,2026-06-03,LGW,ALC,2026-07-05,2026-07-11,6,63.0,GBP,2,FR,0,2026-06-20T18:40:00+01:00,LGW-ALC,cached,https://www.google.com/travel/flights?q=Flights+to+ALC+from+LGW+on+2026-07-05+returning+2026-07-11&curr=GBP,
2026-06-03T05:26:21+00:00,2026-06-03,LGW,ALC,2026-07-05,2026-07-12,7,63.0,GBP,2,FR,0,2026-06-20T18:40:00+01:00,LGW-ALC,cached,https://www.google.com/travel/flights?q=Flights+to+ALC+from+LGW+on+2026-07-05+returning+2026-07-12&curr=GBP,
2026-06-03T05:26:21+00:00,2026-06-03,LGW,ALC,2026-07-06,2026-07-11,5,27.99,GBP,2,Ryanair,0,2026-07-06T17:30:00,LGW-ALC,ryanair,https://www.google.com/travel/flights?q=Flights+to+ALC+from+LGW+on+2026-07-06+returning+2026-07-11&curr=GBP,
2026-06-03T05:26:21+00:00,2026-06-03,LGW,ALC,2026-07-06,2026-07-12,6,27.99,GBP,2,Ryanair,0,2026-07-06T17:30:00,LGW-ALC,ryanair,https://www.google.com/travel/flights?q=Flights+to+ALC+from+LGW+on+2026-07-06+returning+2026-07-12&curr=GBP,
2026-06-03T05:26:21+00:00,2026-06-03,LGW,ALC,2026-07-06,2026-07-13,7,27.99,GBP,2,Ryanair,0,2026-07-06T17:30:00,LGW-ALC,ryanair,https://www.google.com/travel/flights?q=Flights+to+ALC+from+LGW+on+2026-07-06+returning+2026-07-13&curr=GBP,
2026-06-03T05:26:21+00:00,2026-06-03,LGW,ALC,2026-07-07,2026-07-12,5,63.0,GBP,2,FR,0,2026-06-20T18:40:00+01:00,LGW-ALC,cached,https://www.google.com/travel/flights?q=Flights+to+ALC+from+LGW+on+2026-07-07+returning+2026-07-12&curr=GBP,
2026-06-03T05:26:21+00:00,2026-06-03,LGW,ALC,2026-07-07,2026-07-13,6,63.0,GBP,2,FR,0,2026-06-20T18:40:00+01:00,LGW-ALC,cached,https://www.google.com/travel/flights?q=Flights+to+ALC+from+LGW+on+2026-07-07+returning+2026-07-13&curr=GBP,
2026-06-03T05:26:21+00:00,2026-06-03,LGW,ALC,2026-07-07,2026-07-14,7,63.0,GBP,2,FR,0,2026-06-20T18:40:00+01:00,LGW-ALC,cached,https://www.google.com/travel/flights?q=Flights+to+ALC+from+LGW+on+2026-07-07+returning+2026-07-14&curr=GBP,
2026-06-03T05:26:21+00:00,2026-06-03,LGW,ALC,2026-07-08,2026-07-13,5,27.99,GBP,2,Ryanair,0,2026-07-08T20:10:00,LGW-ALC,ryanair,https://www.google.com/travel/flights?q=Flights+to+ALC+from+LGW+on+2026-07-08+returning+2026-07-13&curr=GBP,
2026-06-03T05:26:21+00:00,2026-06-03,LGW,ALC,2026-07-08,2026-07-14,6,27.99,GBP,2,Ryanair,0,2026-07-08T20:10:00,LGW-ALC,ryanair,https://www.google.com/travel/flights?q=Flights+to+ALC+from+LGW+on+2026-07-08+returning+2026-07-14&curr=GBP,
2026-06-03T05:26:21+00:00,2026-06-03,LGW,ALC,2026-07-08,2026-07-15,7,27.99,GBP,2,Ryanair,0,2026-07-08T20:10:00,LGW-ALC,ryanair,https://www.google.com/travel/flights?q=Flights+to+ALC+from+LGW+on+2026-07-08+returning+2026-07-15&curr=GBP,
2026-06-03T05:26:21+00:00,2026-06-03,LGW,ALC,2026-07-09,2026-07-14,5,63.0,GBP,2,FR,0,2026-06-20T18:40:00+01:00,LGW-ALC,cached,https://www.google.com/travel/flights?q=Flights+to+ALC+from+LGW+on+2026-07-09+returning+2026-07-14&curr=GBP,
2026-06-03T05:26:21+00:00,2026-06-03,LGW,ALC,2026-07-09,2026-07-15,6,63.0,GBP,2,FR,0,2026-06-20T18:40:00+01:00,LGW-ALC,cached,https://www.google.com/travel/flights?q=Flights+to+ALC+from+LGW+on+2026-07-09+returning+2026-07-15&curr=GBP,
2026-06-03T05:26:21+00:00,2026-06-03,LGW,ALC,2026-07-09,2026-07-16,7,63.0,GBP,2,FR,0,2026-06-20T18:40:00+01:00,LGW-ALC,cached,https://www.google.com/travel/flights?q=Flights+to+ALC+from+LGW+on+2026-07-09+returning+2026-07-16&curr=GBP,
2026-06-03T05:26:21+00:00,2026-06-03,LGW,ALC,2026-07-10,2026-07-15,5,63.0,GBP,2,Ryanair,0,2026-07-10T12:20:00,LGW-ALC,cached,https://www.google.com/travel/flights?q=Flights+to+ALC+from+LGW+on+2026-07-10+returning+2026-07-15&curr=GBP,
2026-06-03T05:26:21+00:00,2026-06-03,LGW,ALC,2026-07-10,2026-07-16,6,63.0,GBP,2,Ryanair,0,2026-07-10T12:20:00,LGW-ALC,cached,https://www.google.com/travel/flights?q=Flights+to+ALC+from+LGW+on+2026-07-10+returning+2026-07-16&curr=GBP,
2026-06-03T05:26:21+00:00,2026-06-03,LGW,ALC,2026-07-11,2026-07-16,5,26.99,GBP,2,Ryanair,0,2026-07-11T18:40:00,LGW-ALC,ryanair,https://www.google.com/travel/flights?q=Flights+to+ALC+from+LGW+on+2026-07-11+returning+2026-07-16&curr=GBP,
2026-06-03T05:26:21+00:00,2026-06-03,LGW,RMU,2026-07-02,2026-07-07,5,104.0,GBP,2,easyJet,0,2026-07-02T17:15:00,LGW-RMU,google,https://www.google.com/travel/flights?q=Flights+to+RMU+from+LGW+on+2026-07-02+returning+2026-07-07&curr=GBP,
2026-06-03T05:26:21+00:00,2026-06-03,LGW,RMU,2026-07-02,2026-07-08,6,103.0,GBP,2,easyJet,0,2026-07-02T17:15:00,LGW-RMU,google,https://www.google.com/travel/flights?q=Flights+to+RMU+from+LGW+on+2026-07-02+returning+2026-07-08&curr=GBP,
2026-06-03T05:26:21+00:00,2026-06-03,LGW,RMU,2026-07-02,2026-07-09,7,103.0,GBP,2,easyJet,0,2026-07-02T17:15:00,LGW-RMU,google,https://www.google.com/travel/flights?q=Flights+to+RMU+from+LGW+on+2026-07-02+returning+2026-07-09&curr=GBP,
2026-06-03T05:26:21+00:00,2026-06-03,LGW,RMU,2026-07-03,2026-07-08,5,120.0,GBP,2,easyJet,0,2026-07-03T07:00:00,LGW-RMU,google,https://www.google.com/travel/flights?q=Flights+to+RMU+from+LGW+on+2026-07-03+returning+2026-07-08&curr=GBP,
2026-06-03T05:26:21+00:00,2026-06-03,LGW,RMU,2026-07-03,2026-07-09,6,120.0,GBP,2,easyJet,0,2026-07-03T07:00:00,LGW-RMU,google,https://www.google.com/travel/flights?q=Flights+to+RMU+from+LGW+on+2026-07-03+returning+2026-07-09&curr=GBP,
2026-06-03T05:26:21+00:00,2026-06-03,LGW,RMU,2026-07-03,2026-07-10,7,122.0,GBP,2,easyJet,0,2026-07-03T07:00:00,LGW-RMU,cached,https://www.google.com/travel/flights?q=Flights+to+RMU+from+LGW+on+2026-07-03+returning+2026-07-10&curr=GBP,
2026-06-03T05:26:21+00:00,2026-06-03,LGW,RMU,2026-07-04,2026-07-09,5,122.0,GBP,2,easyJet,0,2026-07-04T15:55:00,LGW-RMU,cached,https://www.google.com/travel/flights?q=Flights+to+RMU+from+LGW+on+2026-07-04+returning+2026-07-09&curr=GBP,
2026-06-03T05:26:21+00:00,2026-06-03,LGW,RMU,2026-07-04,2026-07-10,6,122.0,GBP,2,easyJet,0,2026-07-04T15:55:00,LGW-RMU,cached,https://www.google.com/travel/flights?q=Flights+to+RMU+from+LGW+on+2026-07-04+returning+2026-07-10&curr=GBP,
2026-06-03T05:26:21+00:00,2026-06-03,LGW,RMU,2026-07-04,2026-07-11,7,122.0,GBP,2,easyJet,0,2026-07-04T15:55:00,LGW-RMU,cached,https://www.google.com/travel/flights?q=Flights+to+RMU+from+LGW+on+2026-07-04+returning+2026-07-11&curr=GBP,
2026-06-03T05:26:21+00:00,2026-06-03,LGW,RMU,2026-07-05,2026-07-10,5,122.0,GBP,2,easyJet,0,2026-07-05T06:25:00,LGW-RMU,cached,https://www.google.com/travel/flights?q=Flights+to+RMU+from+LGW+on+2026-07-05+returning+2026-07-10&curr=GBP,
2026-06-03T05:26:21+00:00,2026-06-03,LGW,RMU,2026-07-05,2026-07-11,6,118.0,GBP,2,easyJet,0,2026-07-05T06:25:00,LGW-RMU,google,https://www.google.com/travel/flights?q=Flights+to+RMU+from+LGW+on+2026-07-05+returning+2026-07-11&curr=GBP,
2026-06-03T05:26:21+00:00,2026-06-03,LGW,RMU,2026-07-05,2026-07-12,7,122.0,GBP,2,easyJet,0,2026-07-05T06:25:00,LGW-RMU,cached,https://www.google.com/travel/flights?q=Flights+to+RMU+from+LGW+on+2026-07-05+returning+2026-07-12&curr=GBP,
2026-06-03T05:26:21+00:00,2026-06-03,LGW,RMU,2026-07-06,2026-07-11,5,105.0,GBP,2,easyJet,0,2026-07-06T16:15:00,LGW-RMU,google,https://www.google.com/travel/flights?q=Flights+to+RMU+from+LGW+on+2026-07-06+returning+2026-07-11&curr=GBP,
2026-06-03T05:26:21+00:00,2026-06-03,LGW,RMU,2026-07-06,2026-07-12,6,122.0,GBP,2,easyJet,0,2026-07-06T16:15:00,LGW-RMU,cached,https://www.google.com/travel/flights?q=Flights+to+RMU+from+LGW+on+2026-07-06+returning+2026-07-12&curr=GBP,
2026-06-03T05:26:21+00:00,2026-06-03,LGW,RMU,2026-07-06,2026-07-13,7,122.0,GBP,2,easyJet,0,2026-07-06T16:15:00,LGW-RMU,cached,https://www.google.com/travel/flights?q=Flights+to+RMU+from+LGW+on+2026-07-06+returning+2026-07-13&curr=GBP,
2026-06-03T05:26:21+00:00,2026-06-03,LGW,RMU,2026-07-07,2026-07-12,5,122.0,GBP,2,easyJet,0,2026-07-07T05:40:00,LGW-RMU,cached,https://www.google.com/travel/flights?q=Flights+to+RMU+from+LGW+on+2026-07-07+returning+2026-07-12&curr=GBP,
2026-06-03T05:26:21+00:00,2026-06-03,LGW,RMU,2026-07-07,2026-07-13,6,122.0,GBP,2,easyJet,0,2026-07-07T05:40:00,LGW-RMU,cached,https://www.google.com/travel/flights?q=Flights+to+RMU+from+LGW+on+2026-07-07+returning+2026-07-13&curr=GBP,
2026-06-03T05:26:21+00:00,2026-06-03,LGW,RMU,2026-07-07,2026-07-14,7,110.0,GBP,2,easyJet,0,2026-07-07T05:40:00,LGW-RMU,google,https://www.google.com/travel/flights?q=Flights+to+RMU+from+LGW+on+2026-07-07+returning+2026-07-14&curr=GBP,
2026-06-03T05:26:21+00:00,2026-06-03,LGW,RMU,2026-07-08,2026-07-13,5,122.0,GBP,2,easyJet,0,2026-07-08T16:15:00,LGW-RMU,cached,https://www.google.com/travel/flights?q=Flights+to+RMU+from+LGW+on+2026-07-08+returning+2026-07-13&curr=GBP,
2026-06-03T05:26:21+00:00,2026-06-03,LGW,RMU,2026-07-08,2026-07-14,6,103.0,GBP,2,easyJet,0,2026-07-08T16:15:00,LGW-RMU,google,https://www.google.com/travel/flights?q=Flights+to+RMU+from+LGW+on+2026-07-08+returning+2026-07-14&curr=GBP,
2026-06-03T05:26:21+00:00,2026-06-03,LGW,RMU,2026-07-08,2026-07-15,7,112.0,GBP,2,easyJet,0,2026-07-08T16:15:00,LGW-RMU,google,https://www.google.com/travel/flights?q=Flights+to+RMU+from+LGW+on+2026-07-08+returning+2026-07-15&curr=GBP,
2026-06-03T05:26:21+00:00,2026-06-03,LGW,RMU,2026-07-09,2026-07-14,5,122.0,GBP,2,easyJet,0,2026-07-09T17:15:00,LGW-RMU,cached,https://www.google.com/travel/flights?q=Flights+to+RMU+from+LGW+on+2026-07-09+returning+2026-07-14&curr=GBP,
2026-06-03T05:26:21+00:00,2026-06-03,LGW,RMU,2026-07-09,2026-07-15,6,122.0,GBP,2,easyJet,0,2026-07-09T17:15:00,LGW-RMU,cached,https://www.google.com/travel/flights?q=Flights+to+RMU+from+LGW+on+2026-07-09+returning+2026-07-15&curr=GBP,
2026-06-03T05:26:21+00:00,2026-06-03,LGW,RMU,2026-07-09,2026-07-16,7,122.0,GBP,2,easyJet,0,2026-07-09T17:15:00,LGW-RMU,cached,https://www.google.com/travel/flights?q=Flights+to+RMU+from+LGW+on+2026-07-09+returning+2026-07-16&curr=GBP,
2026-06-03T05:26:21+00:00,2026-06-03,LGW,RMU,2026-07-10,2026-07-15,5,122.0,GBP,2,easyJet,0,2026-07-10T07:00:00,LGW-RMU,cached,https://www.google.com/travel/flights?q=Flights+to+RMU+from+LGW+on+2026-07-10+returning+2026-07-15&curr=GBP,
2026-06-03T05:26:21+00:00,2026-06-03,LGW,RMU,2026-07-10,2026-07-16,6,122.0,GBP,2,easyJet,0,2026-07-10T07:00:00,LGW-RMU,cached,https://www.google.com/travel/flights?q=Flights+to+RMU+from+LGW+on+2026-07-10+returning+2026-07-16&curr=GBP,
2026-06-03T05:26:21+00:00,2026-06-03,LGW,RMU,2026-07-11,2026-07-16,5,122.0,GBP,2,easyJet,0,2026-07-11T15:55:00,LGW-RMU,cached,https://www.google.com/travel/flights?q=Flights+to+RMU+from+LGW+on+2026-07-11+returning+2026-07-16&curr=GBP,
2026-06-03T05:26:21+00:00,2026-06-03,STN,ALC,2026-07-02,2026-07-07,5,42.09,GBP,2,Ryanair,0,2026-07-02T14:55:00,STN-ALC,ryanair,https://www.google.com/travel/flights?q=Flights+to+ALC+from+STN+on+2026-07-02+returning+2026-07-07&curr=GBP,
2026-06-03T05:26:21+00:00,2026-06-03,STN,ALC,2026-07-02,2026-07-08,6,42.09,GBP,2,Ryanair,0,2026-07-02T14:55:00,STN-ALC,ryanair,https://www.google.com/travel/flights?q=Flights+to+ALC+from+STN+on+2026-07-02+returning+2026-07-08&curr=GBP,
2026-06-03T05:26:21+00:00,2026-06-03,STN,ALC,2026-07-02,2026-07-09,7,42.09,GBP,2,Ryanair,0,2026-07-02T14:55:00,STN-ALC,ryanair,https://www.google.com/travel/flights?q=Flights+to+ALC+from+STN+on+2026-07-02+returning+2026-07-09&curr=GBP,
2026-06-03T05:26:21+00:00,2026-06-03,STN,ALC,2026-07-03,2026-07-08,5,33.24,GBP,2,Ryanair,0,2026-07-03T21:30:00,STN-ALC,ryanair,https://www.google.com/travel/flights?q=Flights+to+ALC+from+STN+on+2026-07-03+returning+2026-07-08&curr=GBP,
2026-06-03T05:26:21+00:00,2026-06-03,STN,ALC,2026-07-03,2026-07-09,6,33.24,GBP,2,Ryanair,0,2026-07-03T21:30:00,STN-ALC,ryanair,https://www.google.com/travel/flights?q=Flights+to+ALC+from+STN+on+2026-07-03+returning+2026-07-09&curr=GBP,
2026-06-03T05:26:21+00:00,2026-06-03,STN,ALC,2026-07-03,2026-07-10,7,33.24,GBP,2,Ryanair,0,2026-07-03T21:30:00,STN-ALC,ryanair,https://www.google.com/travel/flights?q=Flights+to+ALC+from+STN+on+2026-07-03+returning+2026-07-10&curr=GBP,
2026-06-03T05:26:21+00:00,2026-06-03,STN,ALC,2026-07-04,2026-07-09,5,21.69,GBP,2,Ryanair,0,2026-07-04T18:30:00,STN-ALC,ryanair,https://www.google.com/travel/flights?q=Flights+to+ALC+from+STN+on+2026-07-04+returning+2026-07-09&curr=GBP,
2026-06-03T05:26:21+00:00,2026-06-03,STN,ALC,2026-07-04,2026-07-10,6,21.69,GBP,2,Ryanair,0,2026-07-04T18:30:00,STN-ALC,ryanair,https://www.google.com/travel/flights?q=Flights+to+ALC+from+STN+on+2026-07-04+returning+2026-07-10&curr=GBP,
2026-06-03T05:26:21+00:00,2026-06-03,STN,ALC,2026-07-04,2026-07-11,7,21.69,GBP,2,Ryanair,0,2026-07-04T18:30:00,STN-ALC,ryanair,https://www.google.com/travel/flights?q=Flights+to+ALC+from+STN+on+2026-07-04+returning+2026-07-11&curr=GBP,
2026-06-03T05:26:21+00:00,2026-06-03,STN,ALC,2026-07-05,2026-07-10,5,27.96,GBP,2,Ryanair,0,2026-07-05T14:50:00,STN-ALC,ryanair,https://www.google.com/travel/flights?q=Flights+to+ALC+from+STN+on+2026-07-05+returning+2026-07-10&curr=GBP,
2026-06-03T05:26:21+00:00,2026-06-03,STN,ALC,2026-07-05,2026-07-11,6,27.96,GBP,2,Ryanair,0,2026-07-05T14:50:00,STN-ALC,ryanair,https://www.google.com/travel/flights?q=Flights+to+ALC+from+STN+on+2026-07-05+returning+2026-07-11&curr=GBP,
2026-06-03T05:26:21+00:00,2026-06-03,STN,ALC,2026-07-05,2026-07-12,7,27.96,GBP,2,Ryanair,0,2026-07-05T14:50:00,STN-ALC,ryanair,https://www.google.com/travel/flights?q=Flights+to+ALC+from+STN+on+2026-07-05+returning+2026-07-12&curr=GBP,
2026-06-03T05:26:21+00:00,2026-06-03,STN,ALC,2026-07-06,2026-07-11,5,23.55,GBP,2,Ryanair,0,2026-07-06T18:00:00,STN-ALC,ryanair,https://www.google.com/travel/flights?q=Flights+to+ALC+from+STN+on+2026-07-06+returning+2026-07-11&curr=GBP,
2026-06-03T05:26:21+00:00,2026-06-03,STN,ALC,2026-07-06,2026-07-12,6,23.55,GBP,2,Ryanair,0,2026-07-06T18:00:00,STN-ALC,ryanair,https://www.google.com/travel/flights?q=Flights+to+ALC+from+STN+on+2026-07-06+returning+2026-07-12&curr=GBP,
2026-06-03T05:26:21+00:00,2026-06-03,STN,ALC,2026-07-06,2026-07-13,7,23.55,GBP,2,Ryanair,0,2026-07-06T18:00:00,STN-ALC,ryanair,https://www.google.com/travel/flights?q=Flights+to+ALC+from+STN+on+2026-07-06+returning+2026-07-13&curr=GBP,
2026-06-03T05:26:21+00:00,2026-06-03,STN,ALC,2026-07-07,2026-07-12,5,24.99,GBP,2,Ryanair,0,2026-07-07T06:30:00,STN-ALC,ryanair,https://www.google.com/travel/flights?q=Flights+to+ALC+from+STN+on+2026-07-07+returning+2026-07-12&curr=GBP,
2026-06-03T05:26:21+00:00,2026-06-03,STN,ALC,2026-07-07,2026-07-13,6,24.99,GBP,2,Ryanair,0,2026-07-07T06:30:00,STN-ALC,ryanair,https://www.google.com/travel/flights?q=Flights+to+ALC+from+STN+on+2026-07-07+returning+2026-07-13&curr=GBP,
2026-06-03T05:26:21+00:00,2026-06-03,STN,ALC,2026-07-07,2026-07-14,7,24.99,GBP,2,Ryanair,0,2026-07-07T06:30:00,STN-ALC,ryanair,https://www.google.com/travel/flights?q=Flights+to+ALC+from+STN+on+2026-07-07+returning+2026-07-14&curr=GBP,
2026-06-03T05:26:21+00:00,2026-06-03,STN,ALC,2026-07-08,2026-07-13,5,26.99,GBP,2,Ryanair,0,2026-07-08T17:00:00,STN-ALC,ryanair,https://www.google.com/travel/flights?q=Flights+to+ALC+from+STN+on+2026-07-08+returning+2026-07-13&curr=GBP,
2026-06-03T05:26:21+00:00,2026-06-03,STN,ALC,2026-07-08,2026-07-14,6,26.99,GBP,2,Ryanair,0,2026-07-08T17:00:00,STN-ALC,ryanair,https://www.google.com/travel/flights?q=Flights+to+ALC+from+STN+on+2026-07-08+returning+2026-07-14&curr=GBP,
2026-06-03T05:26:21+00:00,2026-06-03,STN,ALC,2026-07-08,2026-07-15,7,26.99,GBP,2,Ryanair,0,2026-07-08T14:45:00,STN-ALC,ryanair,https://www.google.com/travel/flights?q=Flights+to+ALC+from+STN+on+2026-07-08+returning+2026-07-15&curr=GBP,
2026-06-03T05:26:21+00:00,2026-06-03,STN,ALC,2026-07-09,2026-07-14,5,35.13,GBP,2,Ryanair,0,2026-07-09T17:25:00,STN-ALC,ryanair,https://www.google.com/travel/flights?q=Flights+to+ALC+from+STN+on+2026-07-09+returning+2026-07-14&curr=GBP,
2026-06-03T05:26:21+00:00,2026-06-03,STN,ALC,2026-07-09,2026-07-15,6,35.13,GBP,2,Ryanair,0,2026-07-09T17:25:00,STN-ALC,ryanair,https://www.google.com/travel/flights?q=Flights+to+ALC+from+STN+on+2026-07-09+returning+2026-07-15&curr=GBP,
2026-06-03T05:26:21+00:00,2026-06-03,STN,ALC,2026-07-09,2026-07-16,7,35.13,GBP,2,Ryanair,0,2026-07-09T17:25:00,STN-ALC,ryanair,https://www.google.com/travel/flights?q=Flights+to+ALC+from+STN+on+2026-07-09+returning+2026-07-16&curr=GBP,
2026-06-03T05:26:21+00:00,2026-06-03,STN,ALC,2026-07-10,2026-07-15,5,29.82,GBP,2,Ryanair,0,2026-07-10T21:30:00,STN-ALC,ryanair,https://www.google.com/travel/flights?q=Flights+to+ALC+from+STN+on+2026-07-10+returning+2026-07-15&curr=GBP,
2026-06-03T05:26:21+00:00,2026-06-03,STN,ALC,2026-07-10,2026-07-16,6,29.82,GBP,2,Ryanair,0,2026-07-10T21:30:00,STN-ALC,ryanair,https://www.google.com/travel/flights?q=Flights+to+ALC+from+STN+on+2026-07-10+returning+2026-07-16&curr=GBP,
2026-06-03T05:26:21+00:00,2026-06-03,STN,ALC,2026-07-11,2026-07-16,5,21.69,GBP,2,Ryanair,0,2026-07-11T18:30:00,STN-ALC,ryanair,https://www.google.com/travel/flights?q=Flights+to+ALC+from+STN+on+2026-07-11+returning+2026-07-16&curr=GBP,
2026-06-03T05:26:21+00:00,2026-06-03,STN,RMU,2026-07-02,2026-07-07,5,30.82,GBP,2,Ryanair,0,2026-07-02T13:30:00,STN-RMU,ryanair,https://www.google.com/travel/flights?q=Flights+to+RMU+from+STN+on+2026-07-02+returning+2026-07-07&curr=GBP,
2026-06-03T05:26:21+00:00,2026-06-03,STN,RMU,2026-07-02,2026-07-08,6,30.82,GBP,2,Ryanair,0,2026-07-02T13:30:00,STN-RMU,ryanair,https://www.google.com/travel/flights?q=Flights+to+RMU+from+STN+on+2026-07-02+returning+2026-07-08&curr=GBP,
2026-06-03T05:26:21+00:00,2026-06-03,STN,RMU,2026-07-02,2026-07-09,7,30.82,GBP,2,Ryanair,0,2026-07-02T13:30:00,STN-RMU,ryanair,https://www.google.com/travel/flights?q=Flights+to+RMU+from+STN+on+2026-07-02+returning+2026-07-09&curr=GBP,
2026-06-03T05:26:21+00:00,2026-06-03,STN,RMU,2026-07-03,2026-07-08,5,69.24,GBP,2,Ryanair,0,2026-07-03T08:10:00,STN-RMU,ryanair,https://www.google.com/travel/flights?q=Flights+to+RMU+from+STN+on+2026-07-03+returning+2026-07-08&curr=GBP,
2026-06-03T05:26:21+00:00,2026-06-03,STN,RMU,2026-07-03,2026-07-09,6,69.24,GBP,2,Ryanair,0,2026-07-03T08:10:00,STN-RMU,ryanair,https://www.google.com/travel/flights?q=Flights+to+RMU+from+STN+on+2026-07-03+returning+2026-07-09&curr=GBP,
2026-06-03T05:26:21+00:00,2026-06-03,STN,RMU,2026-07-03,2026-07-10,7,69.24,GBP,2,Ryanair,0,2026-07-03T08:10:00,STN-RMU,ryanair,https://www.google.com/travel/flights?q=Flights+to+RMU+from+STN+on+2026-07-03+returning+2026-07-10&curr=GBP,
2026-06-03T05:26:21+00:00,2026-06-03,STN,RMU,2026-07-04,2026-07-09,5,32.71,GBP,2,Ryanair,0,2026-07-04T17:10:00,STN-RMU,ryanair,https://www.google.com/travel/flights?q=Flights+to+RMU+from+STN+on+2026-07-04+returning+2026-07-09&curr=GBP,
2026-06-03T05:26:21+00:00,2026-06-03,STN,RMU,2026-07-04,2026-07-10,6,32.71,GBP,2,Ryanair,0,2026-07-04T17:10:00,STN-RMU,ryanair,https://www.google.com/travel/flights?q=Flights+to+RMU+from+STN+on+2026-07-04+returning+2026-07-10&curr=GBP,
2026-06-03T05:26:21+00:00,2026-06-03,STN,RMU,2026-07-04,2026-07-11,7,32.71,GBP,2,Ryanair,0,2026-07-04T17:10:00,STN-RMU,ryanair,https://www.google.com/travel/flights?q=Flights+to+RMU+from+STN+on+2026-07-04+returning+2026-07-11&curr=GBP,
2026-06-03T05:26:21+00:00,2026-06-03,STN,RMU,2026-07-05,2026-07-10,5,24.99,GBP,2,Ryanair,0,2026-07-05T16:45:00,STN-RMU,ryanair,https://www.google.com/travel/flights?q=Flights+to+RMU+from+STN+on+2026-07-05+returning+2026-07-10&curr=GBP,
2026-06-03T05:26:21+00:00,2026-06-03,STN,RMU,2026-07-05,2026-07-11,6,24.99,GBP,2,Ryanair,0,2026-07-05T16:45:00,STN-RMU,ryanair,https://www.google.com/travel/flights?q=Flights+to+RMU+from+STN+on+2026-07-05+returning+2026-07-11&curr=GBP,
2026-06-03T05:26:21+00:00,2026-06-03,STN,RMU,2026-07-05,2026-07-12,7,24.99,GBP,2,Ryanair,0,2026-07-05T16:45:00,STN-RMU,ryanair,https://www.google.com/travel/flights?q=Flights+to+RMU+from+STN+on+2026-07-05+returning+2026-07-12&curr=GBP,
2026-06-03T05:26:21+00:00,2026-06-03,STN,RMU,2026-07-06,2026-07-11,5,25.36,GBP,2,Ryanair,0,2026-07-06T16:30:00,STN-RMU,ryanair,https://www.google.com/travel/flights?q=Flights+to+RMU+from+STN+on+2026-07-06+returning+2026-07-11&curr=GBP,
2026-06-03T05:26:21+00:00,2026-06-03,STN,RMU,2026-07-06,2026-07-12,6,25.36,GBP,2,Ryanair,0,2026-07-06T16:30:00,STN-RMU,ryanair,https://www.google.com/travel/flights?q=Flights+to+RMU+from+STN+on+2026-07-06+returning+2026-07-12&curr=GBP,
2026-06-03T05:26:21+00:00,2026-06-03,STN,RMU,2026-07-06,2026-07-13,7,25.36,GBP,2,Ryanair,0,2026-07-06T16:30:00,STN-RMU,ryanair,https://www.google.com/travel/flights?q=Flights+to+RMU+from+STN+on+2026-07-06+returning+2026-07-13&curr=GBP,
2026-06-03T05:26:21+00:00,2026-06-03,STN,RMU,2026-07-07,2026-07-12,5,24.99,GBP,2,Ryanair,0,2026-07-07T13:30:00,STN-RMU,ryanair,https://www.google.com/travel/flights?q=Flights+to+RMU+from+STN+on+2026-07-07+returning+2026-07-12&curr=GBP,
2026-06-03T05:26:21+00:00,2026-06-03,STN,RMU,2026-07-07,2026-07-13,6,24.99,GBP,2,Ryanair,0,2026-07-07T13:30:00,STN-RMU,ryanair,https://www.google.com/travel/flights?q=Flights+to+RMU+from+STN+on+2026-07-07+returning+2026-07-13&curr=GBP,
2026-06-03T05:26:21+00:00,2026-06-03,STN,RMU,2026-07-07,2026-07-14,7,24.99,GBP,2,Ryanair,0,2026-07-07T13:30:00,STN-RMU,ryanair,https://www.google.com/travel/flights?q=Flights+to+RMU+from+STN+on+2026-07-07+returning+2026-07-14&curr=GBP,
2026-06-03T05:26:21+00:00,2026-06-03,STN,RMU,2026-07-08,2026-07-13,5,24.99,GBP,2,Ryanair,0,2026-07-08T16:30:00,STN-RMU,ryanair,https://www.google.com/travel/flights?q=Flights+to+RMU+from+STN+on+2026-07-08+returning+2026-07-13&curr=GBP,
2026-06-03T05:26:21+00:00,2026-06-03,STN,RMU,2026-07-08,2026-07-14,6,24.99,GBP,2,Ryanair,0,2026-07-08T16:30:00,STN-RMU,ryanair,https://www.google.com/travel/flights?q=Flights+to+RMU+from+STN+on+2026-07-08+returning+2026-07-14&curr=GBP,
2026-06-03T05:26:21+00:00,2026-06-03,STN,RMU,2026-07-08,2026-07-15,7,24.99,GBP,2,Ryanair,0,2026-07-08T16:30:00,STN-RMU,ryanair,https://www.google.com/travel/flights?q=Flights+to+RMU+from+STN+on+2026-07-08+returning+2026-07-15&curr=GBP,
2026-06-03T05:26:21+00:00,2026-06-03,STN,RMU,2026-07-09,2026-07-14,5,45.19,GBP,2,Ryanair,0,2026-07-09T13:30:00,STN-RMU,ryanair,https://www.google.com/travel/flights?q=Flights+to+RMU+from+STN+on+2026-07-09+returning+2026-07-14&curr=GBP,
2026-06-03T05:26:21+00:00,2026-06-03,STN,RMU,2026-07-09,2026-07-15,6,45.19,GBP,2,Ryanair,0,2026-07-09T13:30:00,STN-RMU,ryanair,https://www.google.com/travel/flights?q=Flights+to+RMU+from+STN+on+2026-07-09+returning+2026-07-15&curr=GBP,
2026-06-03T05:26:21+00:00,2026-06-03,STN,RMU,2026-07-09,2026-07-16,7,45.19,GBP,2,Ryanair,0,2026-07-09T13:30:00,STN-RMU,ryanair,https://www.google.com/travel/flights?q=Flights+to+RMU+from+STN+on+2026-07-09+returning+2026-07-16&curr=GBP,
2026-06-03T05:26:21+00:00,2026-06-03,STN,RMU,2026-07-10,2026-07-15,5,74.24,GBP,2,Ryanair,0,2026-07-10T08:10:00,STN-RMU,ryanair,https://www.google.com/travel/flights?q=Flights+to+RMU+from+STN+on+2026-07-10+returning+2026-07-15&curr=GBP,
2026-06-03T05:26:21+00:00,2026-06-03,STN,RMU,2026-07-10,2026-07-16,6,74.24,GBP,2,Ryanair,0,2026-07-10T08:10:00,STN-RMU,ryanair,https://www.google.com/travel/flights?q=Flights+to+RMU+from+STN+on+2026-07-10+returning+2026-07-16&curr=GBP,
2026-06-03T05:26:21+00:00,2026-06-03,STN,RMU,2026-07-11,2026-07-16,5,36.23,GBP,2,Ryanair,0,2026-07-11T17:10:00,STN-RMU,ryanair,https://www.google.com/travel/flights?q=Flights+to+RMU+from+STN+on+2026-07-11+returning+2026-07-16&curr=GBP,
2026-06-03T05:26:21+00:00,2026-06-03,LTN,ALC,2026-07-02,2026-07-07,5,49.0,GBP,2,Jet2,0,2026-07-02T09:00:00,LTN-ALC,google,https://www.google.com/travel/flights?q=Flights+to+ALC+from+LTN+on+2026-07-02+returning+2026-07-07&curr=GBP,
2026-06-03T05:26:21+00:00,2026-06-03,LTN,ALC,2026-07-02,2026-07-08,6,43.0,GBP,2,Jet2,0,2026-07-02T09:00:00,LTN-ALC,google,https://www.google.com/travel/flights?q=Flights+to+ALC+from+LTN+on+2026-07-02+returning+2026-07-08&curr=GBP,
2026-06-03T05:26:21+00:00,2026-06-03,LTN,ALC,2026-07-02,2026-07-09,7,43.0,GBP,2,Jet2,0,2026-07-02T09:00:00,LTN-ALC,google,https://www.google.com/travel/flights?q=Flights+to+ALC+from+LTN+on+2026-07-02+returning+2026-07-09&curr=GBP,
2026-06-03T05:26:21+00:00,2026-06-03,LTN,ALC,2026-07-03,2026-07-08,5,43.0,GBP,2,Jet2,0,2026-07-03T16:25:00,LTN-ALC,google,https://www.google.com/travel/flights?q=Flights+to+ALC+from+LTN+on+2026-07-03+returning+2026-07-08&curr=GBP,
2026-06-03T05:26:21+00:00,2026-06-03,LTN,ALC,2026-07-03,2026-07-09,6,43.0,GBP,2,Jet2,0,2026-07-03T16:25:00,LTN-ALC,google,https://www.google.com/travel/flights?q=Flights+to+ALC+from+LTN+on+2026-07-03+returning+2026-07-09&curr=GBP,
2026-06-03T05:26:21+00:00,2026-06-03,LTN,ALC,2026-07-03,2026-07-10,7,51.04,GBP,2,Ryanair,0,2026-07-03T13:30:00,LTN-ALC,ryanair,https://www.google.com/travel/flights?q=Flights+to+ALC+from+LTN+on+2026-07-03+returning+2026-07-10&curr=GBP,
2026-06-03T05:26:21+00:00,2026-06-03,LTN,ALC,2026-07-04,2026-07-09,5,21.99,GBP,2,Ryanair,0,2026-07-04T19:30:00,LTN-ALC,ryanair,https://www.google.com/travel/flights?q=Flights+to+ALC+from+LTN+on+2026-07-04+returning+2026-07-09&curr=GBP,
2026-06-03T05:26:21+00:00,2026-06-03,LTN,ALC,2026-07-04,2026-07-10,6,21.99,GBP,2,Ryanair,0,2026-07-04T19:30:00,LTN-ALC,ryanair,https://www.google.com/travel/flights?q=Flights+to+ALC+from+LTN+on+2026-07-04+returning+2026-07-10&curr=GBP,
2026-06-03T05:26:21+00:00,2026-06-03,LTN,ALC,2026-07-04,2026-07-11,7,21.99,GBP,2,Ryanair,0,2026-07-04T19:30:00,LTN-ALC,ryanair,https://www.google.com/travel/flights?q=Flights+to+ALC+from+LTN+on+2026-07-04+returning+2026-07-11&curr=GBP,
2026-06-03T05:26:21+00:00,2026-06-03,LTN,ALC,2026-07-05,2026-07-10,5,35.99,GBP,2,Ryanair,0,2026-07-05T06:30:00,LTN-ALC,ryanair,https://www.google.com/travel/flights?q=Flights+to+ALC+from+LTN+on+2026-07-05+returning+2026-07-10&curr=GBP,
2026-06-03T05:26:21+00:00,2026-06-03,LTN,ALC,2026-07-05,2026-07-11,6,35.99,GBP,2,Ryanair,0,2026-07-05T06:30:00,LTN-ALC,ryanair,https://www.google.com/travel/flights?q=Flights+to+ALC+from+LTN+on+2026-07-05+returning+2026-07-11&curr=GBP,
2026-06-03T05:26:21+00:00,2026-06-03,LTN,ALC,2026-07-05,2026-07-12,7,35.99,GBP,2,Ryanair,0,2026-07-05T06:30:00,LTN-ALC,ryanair,https://www.google.com/travel/flights?q=Flights+to+ALC+from+LTN+on+2026-07-05+returning+2026-07-12&curr=GBP,
2026-06-03T05:26:21+00:00,2026-06-03,LTN,ALC,2026-07-06,2026-07-11,5,18.99,GBP,2,Ryanair,0,2026-07-06T17:55:00,LTN-ALC,ryanair,https://www.google.com/travel/flights?q=Flights+to+ALC+from+LTN+on+2026-07-06+returning+2026-07-11&curr=GBP,YES
2026-06-03T05:26:21+00:00,2026-06-03,LTN,ALC,2026-07-06,2026-07-12,6,18.99,GBP,2,Ryanair,0,2026-07-06T17:55:00,LTN-ALC,ryanair,https://www.google.com/travel/flights?q=Flights+to+ALC+from+LTN+on+2026-07-06+returning+2026-07-12&curr=GBP,
2026-06-03T05:26:21+00:00,2026-06-03,LTN,ALC,2026-07-06,2026-07-13,7,18.99,GBP,2,Ryanair,0,2026-07-06T17:55:00,LTN-ALC,ryanair,https://www.google.com/travel/flights?q=Flights+to+ALC+from+LTN+on+2026-07-06+returning+2026-07-13&curr=GBP,
2026-06-03T05:26:21+00:00,2026-06-03,LTN,ALC,2026-07-07,2026-07-12,5,18.99,GBP,2,Ryanair,0,2026-07-07T13:20:00,LTN-ALC,ryanair,https://www.google.com/travel/flights?q=Flights+to+ALC+from+LTN+on+2026-07-07+returning+2026-07-12&curr=GBP,
2026-06-03T05:26:21+00:00,2026-06-03,LTN,ALC,2026-07-07,2026-07-13,6,18.99,GBP,2,Ryanair,0,2026-07-07T13:20:00,LTN-ALC,ryanair,https://www.google.com/travel/flights?q=Flights+to+ALC+from+LTN+on+2026-07-07+returning+2026-07-13&curr=GBP,
2026-06-03T05:26:21+00:00,2026-06-03,LTN,ALC,2026-07-07,2026-07-14,7,18.99,GBP,2,Ryanair,0,2026-07-07T13:20:00,LTN-ALC,ryanair,https://www.google.com/travel/flights?q=Flights+to+ALC+from+LTN+on+2026-07-07+returning+2026-07-14&curr=GBP,
2026-06-03T05:26:21+00:00,2026-06-03,LTN,ALC,2026-07-08,2026-07-13,5,35.09,GBP,2,Ryanair,0,2026-07-08T17:00:00,LTN-ALC,ryanair,https://www.google.com/travel/flights?q=Flights+to+ALC+from+LTN+on+2026-07-08+returning+2026-07-13&curr=GBP,
2026-06-03T05:26:21+00:00,2026-06-03,LTN,ALC,2026-07-08,2026-07-14,6,31.0,GBP,2,Wizz Air UK,0,2026-07-08T16:55:00,LTN-ALC,google,https://www.google.com/travel/flights?q=Flights+to+ALC+from+LTN+on+2026-07-08+returning+2026-07-14&curr=GBP,
2026-06-03T05:26:21+00:00,2026-06-03,LTN,ALC,2026-07-08,2026-07-15,7,32.0,GBP,2,Wizz Air UK,0,2026-07-08T16:55:00,LTN-ALC,google,https://www.google.com/travel/flights?q=Flights+to+ALC+from+LTN+on+2026-07-08+returning+2026-07-15&curr=GBP,
2026-06-03T05:26:21+00:00,2026-06-03,LTN,ALC,2026-07-09,2026-07-14,5,50.0,GBP,2,Wizz Air UK,0,2026-07-09T16:30:00,LTN-ALC,google,https://www.google.com/travel/flights?q=Flights+to+ALC+from+LTN+on+2026-07-09+returning+2026-07-14&curr=GBP,
2026-06-03T05:26:21+00:00,2026-06-03,LTN,ALC,2026-07-09,2026-07-15,6,51.0,GBP,2,Wizz Air UK,0,2026-07-09T16:30:00,LTN-ALC,google,https://www.google.com/travel/flights?q=Flights+to+ALC+from+LTN+on+2026-07-09+returning+2026-07-15&curr=GBP,
2026-06-03T05:26:21+00:00,2026-06-03,LTN,ALC,2026-07-09,2026-07-16,7,51.0,GBP,2,Wizz Air UK,0,2026-07-09T16:30:00,LTN-ALC,google,https://www.google.com/travel/flights?q=Flights+to+ALC+from+LTN+on+2026-07-09+returning+2026-07-16&curr=GBP,
2026-06-03T05:26:21+00:00,2026-06-03,LTN,ALC,2026-07-10,2026-07-15,5,54.29,GBP,2,Ryanair,0,2026-07-10T13:30:00,LTN-ALC,ryanair,https://www.google.com/travel/flights?q=Flights+to+ALC+from+LTN+on+2026-07-10+returning+2026-07-15&curr=GBP,
2026-06-03T05:26:21+00:00,2026-06-03,LTN,ALC,2026-07-10,2026-07-16,6,54.29,GBP,2,Ryanair,0,2026-07-10T13:30:00,LTN-ALC,ryanair,https://www.google.com/travel/flights?q=Flights+to+ALC+from+LTN+on+2026-07-10+returning+2026-07-16&curr=GBP,
2026-06-03T05:26:21+00:00,2026-06-03,LTN,ALC,2026-07-11,2026-07-16,5,23.55,GBP,2,Ryanair,0,2026-07-11T19:30:00,LTN-ALC,ryanair,https://www.google.com/travel/flights?q=Flights+to+ALC+from+LTN+on+2026-07-11+returning+2026-07-16&curr=GBP,
2026-06-03T05:26:21+00:00,2026-06-03,LTN,RMU,2026-07-02,2026-07-07,5,76.0,GBP,2,FR,0,2026-06-24T06:40:00+01:00,LTN-RMU,cached,https://www.google.com/travel/flights?q=Flights+to+RMU+from+LTN+on+2026-07-02+returning+2026-07-07&curr=GBP,
2026-06-03T05:26:21+00:00,2026-06-03,LTN,RMU,2026-07-02,2026-07-08,6,76.0,GBP,2,FR,0,2026-06-24T06:40:00+01:00,LTN-RMU,cached,https://www.google.com/travel/flights?q=Flights+to+RMU+from+LTN+on+2026-07-02+returning+2026-07-08&curr=GBP,
2026-06-03T05:26:21+00:00,2026-06-03,LTN,RMU,2026-07-02,2026-07-09,7,76.0,GBP,2,FR,0,2026-06-24T06:40:00+01:00,LTN-RMU,cached,https://www.google.com/travel/flights?q=Flights+to+RMU+from+LTN+on+2026-07-02+returning+2026-07-09&curr=GBP,
2026-06-03T05:26:21+00:00,2026-06-03,LTN,RMU,2026-07-03,2026-07-08,5,76.0,GBP,2,FR,0,2026-06-24T06:40:00+01:00,LTN-RMU,cached,https://www.google.com/travel/flights?q=Flights+to+RMU+from+LTN+on+2026-07-03+returning+2026-07-08&curr=GBP,
2026-06-03T05:26:21+00:00,2026-06-03,LTN,RMU,2026-07-03,2026-07-09,6,76.0,GBP,2,FR,0,2026-06-24T06:40:00+01:00,LTN-RMU,cached,https://www.google.com/travel/flights?q=Flights+to+RMU+from+LTN+on+2026-07-03+returning+2026-07-09&curr=GBP,
2026-06-03T05:26:21+00:00,2026-06-03,LTN,RMU,2026-07-03,2026-07-10,7,76.0,GBP,2,FR,0,2026-06-24T06:40:00+01:00,LTN-RMU,cached,https://www.google.com/travel/flights?q=Flights+to+RMU+from+LTN+on+2026-07-03+returning+2026-07-10&curr=GBP,
2026-06-03T05:26:21+00:00,2026-06-03,LTN,RMU,2026-07-04,2026-07-09,5,76.0,GBP,2,Ryanair,0,2026-07-04T06:50:00,LTN-RMU,cached,https://www.google.com/travel/flights?q=Flights+to+RMU+from+LTN+on+2026-07-04+returning+2026-07-09&curr=GBP,
2026-06-03T05:26:21+00:00,2026-06-03,LTN,RMU,2026-07-04,2026-07-10,6,76.0,GBP,2,Ryanair,0,2026-07-04T06:50:00,LTN-RMU,cached,https://www.google.com/travel/flights?q=Flights+to+RMU+from+LTN+on+2026-07-04+returning+2026-07-10&curr=GBP,
2026-06-03T05:26:21+00:00,2026-06-03,LTN,RMU,2026-07-04,2026-07-11,7,76.0,GBP,2,Ryanair,0,2026-07-04T06:50:00,LTN-RMU,cached,https://www.google.com/travel/flights?q=Flights+to+RMU+from+LTN+on+2026-07-04+returning+2026-07-11&curr=GBP,
2026-06-03T05:26:21+00:00,2026-06-03,LTN,RMU,2026-07-05,2026-07-10,5,24.99,GBP,2,Ryanair,0,2026-07-05T16:30:00,LTN-RMU,ryanair,https://www.google.com/travel/flights?q=Flights+to+RMU+from+LTN+on+2026-07-05+returning+2026-07-10&curr=GBP,
2026-06-03T05:26:21+00:00,2026-06-03,LTN,RMU,2026-07-05,2026-07-11,6,24.99,GBP,2,Ryanair,0,2026-07-05T16:30:00,LTN-RMU,ryanair,https://www.google.com/travel/flights?q=Flights+to+RMU+from+LTN+on+2026-07-05+returning+2026-07-11&curr=GBP,
2026-06-03T05:26:21+00:00,2026-06-03,LTN,RMU,2026-07-05,2026-07-12,7,24.99,GBP,2,Ryanair,0,2026-07-05T16:30:00,LTN-RMU,ryanair,https://www.google.com/travel/flights?q=Flights+to+RMU+from+LTN+on+2026-07-05+returning+2026-07-12&curr=GBP,
2026-06-03T05:26:21+00:00,2026-06-03,LTN,RMU,2026-07-06,2026-07-11,5,24.99,GBP,2,Ryanair,0,2026-07-06T16:45:00,LTN-RMU,ryanair,https://www.google.com/travel/flights?q=Flights+to+RMU+from+LTN+on+2026-07-06+returning+2026-07-11&curr=GBP,
2026-06-03T05:26:21+00:00,2026-06-03,LTN,RMU,2026-07-06,2026-07-12,6,24.99,GBP,2,Ryanair,0,2026-07-06T16:45:00,LTN-RMU,ryanair,https://www.google.com/travel/flights?q=Flights+to+RMU+from+LTN+on+2026-07-06+returning+2026-07-12&curr=GBP,
2026-06-03T05:26:21+00:00,2026-06-03,LTN,RMU,2026-07-06,2026-07-13,7,24.99,GBP,2,Ryanair,0,2026-07-06T16:45:00,LTN-RMU,ryanair,https://www.google.com/travel/flights?q=Flights+to+RMU+from+LTN+on+2026-07-06+returning+2026-07-13&curr=GBP,
2026-06-03T05:26:21+00:00,2026-06-03,LTN,RMU,2026-07-07,2026-07-12,5,24.99,GBP,2,Ryanair,0,2026-07-07T08:00:00,LTN-RMU,ryanair,https://www.google.com/travel/flights?q=Flights+to+RMU+from+LTN+on+2026-07-07+returning+2026-07-12&curr=GBP,
2026-06-03T05:26:21+00:00,2026-06-03,LTN,RMU,2026-07-07,2026-07-13,6,24.99,GBP,2,Ryanair,0,2026-07-07T08:00:00,LTN-RMU,ryanair,https://www.google.com/travel/flights?q=Flights+to+RMU+from+LTN+on+2026-07-07+returning+2026-07-13&curr=GBP,
2026-06-03T05:26:21+00:00,2026-06-03,LTN,RMU,2026-07-07,2026-07-14,7,24.99,GBP,2,Ryanair,0,2026-07-07T08:00:00,LTN-RMU,ryanair,https://www.google.com/travel/flights?q=Flights+to+RMU+from+LTN+on+2026-07-07+returning+2026-07-14&curr=GBP,
2026-06-03T05:26:21+00:00,2026-06-03,LTN,RMU,2026-07-08,2026-07-13,5,25.36,GBP,2,Ryanair,0,2026-07-08T06:40:00,LTN-RMU,ryanair,https://www.google.com/travel/flights?q=Flights+to+RMU+from+LTN+on+2026-07-08+returning+2026-07-13&curr=GBP,
2026-06-03T05:26:21+00:00,2026-06-03,LTN,RMU,2026-07-08,2026-07-14,6,25.36,GBP,2,Ryanair,0,2026-07-08T06:40:00,LTN-RMU,ryanair,https://www.google.com/travel/flights?q=Flights+to+RMU+from+LTN+on+2026-07-08+returning+2026-07-14&curr=GBP,
2026-06-03T05:26:21+00:00,2026-06-03,LTN,RMU,2026-07-08,2026-07-15,7,25.36,GBP,2,Ryanair,0,2026-07-08T06:40:00,LTN-RMU,ryanair,https://www.google.com/travel/flights?q=Flights+to+RMU+from+LTN+on+2026-07-08+returning+2026-07-15&curr=GBP,
2026-06-03T05:26:21+00:00,2026-06-03,LTN,RMU,2026-07-09,2026-07-14,5,76.0,GBP,2,FR,0,2026-06-24T06:40:00+01:00,LTN-RMU,cached,https://www.google.com/travel/flights?q=Flights+to+RMU+from+LTN+on+2026-07-09+returning+2026-07-14&curr=GBP,
2026-06-03T05:26:21+00:00,2026-06-03,LTN,RMU,2026-07-09,2026-07-15,6,76.0,GBP,2,FR,0,2026-06-24T06:40:00+01:00,LTN-RMU,cached,https://www.google.com/travel/flights?q=Flights+to+RMU+from+LTN+on+2026-07-09+returning+2026-07-15&curr=GBP,
2026-06-03T05:26:21+00:00,2026-06-03,LTN,RMU,2026-07-09,2026-07-16,7,76.0,GBP,2,FR,0,2026-06-24T06:40:00+01:00,LTN-RMU,cached,https://www.google.com/travel/flights?q=Flights+to+RMU+from+LTN+on+2026-07-09+returning+2026-07-16&curr=GBP,
2026-06-03T05:26:21+00:00,2026-06-03,LTN,RMU,2026-07-10,2026-07-15,5,76.0,GBP,2,FR,0,2026-06-24T06:40:00+01:00,LTN-RMU,cached,https://www.google.com/travel/flights?q=Flights+to+RMU+from+LTN+on+2026-07-10+returning+2026-07-15&curr=GBP,
2026-06-03T05:26:21+00:00,2026-06-03,LTN,RMU,2026-07-10,2026-07-16,6,76.0,GBP,2,FR,0,2026-06-24T06:40:00+01:00,LTN-RMU,cached,https://www.google.com/travel/flights?q=Flights+to+RMU+from+LTN+on+2026-07-10+returning+2026-07-16&curr=GBP,
2026-06-03T05:26:21+00:00,2026-06-03,LTN,RMU,2026-07-11,2026-07-16,5,54.17,GBP,2,Ryanair,0,2026-07-11T06:50:00,LTN-RMU,ryanair,https://www.google.com/travel/flights?q=Flights+to+RMU+from+LTN+on+2026-07-11+returning+2026-07-16&curr=GBP,
